abbr,feature,lag,best_corr,best_orig_corr,p_value
NT,QLD,7,0.9101883698691986,0.9101883698691986,0.06609412273729975
