abbr,feature,lag,best_corr,best_orig_corr,p_value
WA,QLD,46,0.5762943427019218,0.5762943427019218,2.0209756083287947e-58
