abbr,feature,lag,best_corr,p_value,type
NL,NL,0,1.0,0.0,region
NL,NB,47,0.259072189272709,1.1957464339895676e-10,region
NL,NT,20,0.2416988525886573,3.083428687562076e-07,region
NL,SK,37,0.2307126830881871,6.2073980413432415e-09,region
NL,NS,20,0.2157002774492172,8.621571316204012e-07,region
NL,AB,0,0.1769713593133276,0.0001377908878214,region
NL,BC,14,0.1602559729258634,0.0016852652065269,region
NL,MB,14,0.1401246608578623,0.0030221556706341,region
NL,PE,42,0.1204559058571377,0.0073664194043868,region
