abbr,feature,lag,best_corr,best_orig_corr,p_value
ACT,current_hospitalized_patients,0,0.34358682147301456,0.34358682147301456,2.616804266531072e-07
ACT,current_ventilator_patients,0,0.29676939102844735,0.29676939102844735,6.92627818304387e-14
ACT,current_intensive_care_patients,0,0.26525402018294614,0.26525402018294614,1.9218727561895634e-10
