abbr,feature,lag,best_corr,best_orig_corr,p_value
QLD,current_ventilator_patients,3,0.6171252302051301,0.6171252302051301,5.450932826340398e-40
QLD,current_hospitalized_patients,0,0.5965752455700128,0.5965752455700128,0.4700619369118766
QLD,current_intensive_care_patients,2,0.5941045487927894,0.5941045487927894,5.47437022355136e-38
