abbr,feature,lag,best_corr,best_orig_corr,p_value
TAS,current_hospitalized_patients,49,0.1644999136088831,0.1644999136088831,4.147194659787441e-05
TAS,current_intensive_care_patients,0,0.1079579566001553,0.1079579566001553,0.020849831826527363
TAS,current_ventilator_patients,49,0.033368087628784876,0.033368087628784876,0.4087767408550712
