abbr,feature,lag,best_corr,best_orig_corr,p_value
VIC,current_hospitalized_patients,5,0.8221332139897252,0.8221332139897252,9.158257837684618e-124
VIC,current_intensive_care_patients,6,0.8219512476210794,0.8219512476210794,1.3013294207084839e-136
VIC,current_ventilator_patients,27,0.7697746631493811,0.7697746631493811,8.632843762549348e-121
