abbr,feature,lag,best_corr,best_orig_corr,p_value
HI,search_trends_ageusia,49,0.41379749290774365,0.41379749290774365,2.2569574098539373e-27
HI,search_trends_hypoxemia,46,0.40204699205768707,0.40204699205768707,9.044290296912109e-26
HI,search_trends_acne,49,0.37694881357099025,-0.37694881357099025,1.2311587886071688e-22
HI,search_trends_dysautonomia,8,0.3466079800026084,0.3466079800026084,4.0948198148215113e-19
HI,search_trends_motion_sickness,49,0.34187938147204827,0.34187938147204827,1.1707637420721522e-18
