abbr,feature,lag,best_corr,best_orig_corr,p_value
LA,search_trends_hypoxemia,2,0.667903552210795,0.667903552210795,1.9141922071281877e-81
LA,search_trends_ageusia,2,0.5821255634226168,0.5821255634226168,8.03910063267218e-57
LA,search_trends_anosmia,13,0.49352024157640795,0.49352024157640795,5.984835052897122e-39
LA,search_trends_eye_pain,38,0.4346704620751838,0.4346704620751838,2.9025760509604543e-30
LA,search_trends_pericarditis,49,0.3922948367394766,0.3922948367394766,1.5484592095669886e-24
LA,search_trends_dysgeusia,7,0.3363084949637226,0.3363084949637226,2.0127145364444663e-17
LA,search_trends_bradycardia,2,0.32246001271517527,0.32246001271517527,2.0937750499731266e-16
LA,search_trends_sensitivity_to_sound,48,0.322322558820091,0.322322558820091,1.2069020300582161e-16
