abbr,feature,lag,best_corr,best_orig_corr,p_value
NSW,current_ventilator_patients,49,0.9417292347393702,0.9417292347393702,5.485009932770904e-297
NSW,current_intensive_care_patients,49,0.9196738428703448,0.9196738428703448,4.25660841073556e-255
NSW,current_hospitalized_patients,12,0.9098143738609015,0.9098143738609015,1.608817138554392e-217
